movie_name,ranking,score,score_num,tag
肖申克的救赎,1,9.6,1180373,"
                            导演: 弗兰克・德拉邦特 Frank Darabont???主演: 蒂姆・罗宾斯 Tim Robbins /...,
                            1994?/?美国?/?犯罪 剧情
                        ,
                                ,
                            "
霸王别姬,2,9.6,865782,"
                            导演: 陈凯歌 Kaige Chen???主演: 张国荣 Leslie Cheung / 张丰毅 Fengyi Zha...,
                            1993?/?中国大陆 香港?/?剧情 爱情 同性
                        ,
                                ,
                            "
这个杀手不太冷,3,9.4,1087860,"
                            导演: 吕克・贝松 Luc Besson???主演: 让・雷诺 Jean Reno / 娜塔莉・波特曼 ...,
                            1994?/?法国?/?剧情 动作 犯罪
                        ,
                                ,
                            "
阿甘正传,4,9.4,930580,"
                            导演: Robert Zemeckis???主演: Tom Hanks / Robin Wright Penn / Gary Sinise,
                            1994?/?美国?/?剧情 爱情
                        ,
                                ,
                            "
美丽人生,5,9.5,543540,"
                            导演: 罗伯托・贝尼尼 Roberto Benigni???主演: 罗伯托・贝尼尼 Roberto Beni...,
                            1997?/?意大利?/?剧情 喜剧 爱情 战争
                        ,
                                ,
                            "
泰坦尼克号,6,9.3,866933,"
                            导演: 詹姆斯・卡梅隆 James Cameron???主演: 莱昂纳多・迪卡普里奥 Leonardo...,
                            1997?/?美国?/?剧情 爱情 灾难
                        ,
                                ,
                            "
千与千寻,7,9.3,861140,"
                            导演: 宫崎骏 Hayao Miyazaki???主演: 艾美 Rumi H?ragi / 入野自由 Miy...,
                            2001?/?日本?/?剧情 动画 奇幻
                        ,
                                ,
                            "
辛德勒的名单,8,9.5,489404,"
                            导演: 史蒂文・斯皮尔伯格 Steven Spielberg???主演: 连姆・尼森 Liam Neeson...,
                            1993?/?美国?/?剧情 历史 战争
                        ,
                                ,
                            "
盗梦空间,9,9.3,950691,"
                            导演: 克里斯托弗・诺兰 Christopher Nolan???主演: 莱昂纳多・迪卡普里奥 Le...,
                            2010?/?美国 英国?/?剧情 科幻 悬疑 冒险
                        ,
                                ,
                            "
机器人总动员,10,9.3,629607,"
                            导演: 安德鲁・斯坦顿 Andrew Stanton???主演: 本・贝尔特 Ben Burtt / 艾丽...,
                            2008?/?美国?/?爱情 科幻 动画 冒险
                        ,
                                ,
                            "
忠犬八公的故事,11,9.3,611924,"
                            导演: 莱塞・霍尔斯道姆 Lasse Hallstr?m???主演: 理查・基尔 Richard Ger...,
                            2009?/?美国 英国?/?剧情
                        ,
                                ,
                            "
三傻大闹宝莱坞,12,9.2,850502,"
                            导演: 拉库马・希拉尼 Rajkumar Hirani???主演: 阿米尔・汗 Aamir Khan / 卡...,
                            2009?/?印度?/?剧情 喜剧 爱情 歌舞
                        ,
                                ,
                            "
海上钢琴师,13,9.2,711685,"
                            导演: 朱塞佩・托纳多雷 Giuseppe Tornatore???主演: 蒂姆・罗斯 Tim Roth / ...,
                            1998?/?意大利?/?剧情 音乐
                        ,
                                ,
                            "
放牛班的春天,14,9.2,583385,"
                            导演: 克里斯托夫・巴拉蒂 Christophe Barratier???主演: 杰拉尔・朱诺 Géra...,
                            2004?/?法国 瑞士 德国?/?剧情 音乐
                        ,
                                ,
                            "
大话西游之大圣娶亲,15,9.2,642416,"
                            导演: 刘镇伟 Jeffrey Lau???主演: 周星驰 Stephen Chow / 吴孟达 Man Tat Ng...,
                            1995?/?香港 中国大陆?/?喜剧 爱情 奇幻 冒险
                        ,
                                ,
                            "
楚门的世界,16,9.2,622250,"
                            导演: 彼得・威尔 Peter Weir???主演: 金・凯瑞 Jim Carrey / 劳拉・琳妮 Lau...,
                            1998?/?美国?/?剧情 科幻
                        ,
                                ,
                            "
教父,17,9.2,431229,"
                            导演: 弗朗西斯・福特・科波拉 Francis Ford Coppola???主演: 马龙・白兰度 M...,
                            1972?/?美国?/?剧情 犯罪
                        ,
                                ,
                            "
龙猫,18,9.1,527758,"
                            导演: 宫崎骏 Hayao Miyazaki???主演: 日高法子 Noriko Hidaka / 坂本千夏 Ch...,
                            1988?/?日本?/?动画 奇幻 冒险
                        ,
                                ,
                            "
星际穿越,19,9.2,639584,"
                            导演: 克里斯托弗・诺兰 Christopher Nolan???主演: 马修・麦康纳 Matthew Mc...,
                            2014?/?美国 英国 加拿大 冰岛?/?剧情 科幻 冒险
                        ,
                                ,
                            "
熔炉,20,9.2,359618,"
                            导演: 黄东赫 Dong-hyuk Hwang???主演: 孔侑 Yoo Gong / 郑有美 Yu-mi Jeong ...,
                            2011?/?韩国?/?剧情
                        ,
                                ,
                            "
无间道,21,9.1,527042,"
                            导演: 刘伟强 / 麦兆辉???主演: 刘德华 / 梁朝伟 / 黄秋生,
                            2002?/?香港?/?剧情 犯罪 悬疑
                        ,
                                ,
                            "
触不可及,22,9.2,458908,"
                            导演: 奥利维・那卡什 Olivier Nakache / 艾力克・托兰达 Eric Toledano???主...,
                            2011?/?法国?/?剧情 喜剧
                        ,
                                ,
                            "
当幸福来敲门,23,9,685326,"
                            导演: 加布里尔・穆奇诺 Gabriele Muccino???主演: 威尔・史密斯 Will Smith ...,
                            2006?/?美国?/?剧情 传记 家庭
                        ,
                                ,
                            "
乱世佳人,24,9.2,328661,"
                            导演: 维克多・弗莱明 Victor Fleming / 乔治・库克 George Cukor???主演: 费...,
                            1939?/?美国?/?剧情 历史 爱情 战争
                        ,
                                ,
                            "
怦然心动,25,9,736232,"
                            导演: 罗伯・莱纳 Rob Reiner???主演: 玛德琳・卡罗尔 Madeline Carroll / 卡...,
                            2010?/?美国?/?剧情 喜剧 爱情
                        ,
                                ,
                            "
疯狂动物城,26,9.1,695550,"
                            导演: 拜伦・霍华德 Byron Howard / 瑞奇・摩尔 Rich Moore???主演: 金妮弗・...,
                            2016?/?美国?/?喜剧 动画 冒险
                        ,
                                ,
                            "
天堂电影院,27,9.1,361524,"
                            导演: 朱塞佩・托纳多雷 Giuseppe Tornatore???主演: 安东娜拉・塔莉 Antonel...,
                            1988?/?意大利 法国?/?剧情 爱情
                        ,
                                ,
                            "
蝙蝠侠：黑暗骑士,28,9.1,423394,"
                            导演: 克里斯托弗・诺兰 Christopher Nolan???主演: 克里斯蒂安・贝尔 Christ...,
                            2008?/?美国 英国?/?剧情 动作 科幻 犯罪 惊悚
                        ,
                                ,
                            "
活着,29,9.1,350441,"
                            导演: 张艺谋 Yimou Zhang???主演: 葛优 You Ge / 巩俐 Li Gong / 姜武 Wu Jiang,
                            1994?/?中国大陆 香港?/?剧情 历史 家庭
                        ,
                                ,
                            "
十二怒汉,30,9.4,210886,"
                            导演: Sidney Lumet???主演: 亨利・方达 Henry Fonda / 马丁・鲍尔萨姆 Marti...,
                            1957?/?美国?/?剧情
                        ,
                                ,
                            "
少年派的奇幻漂流,31,9,707424,"
                            导演: 李安 Ang Lee???主演: 苏拉・沙玛 Suraj Sharma / 伊尔凡・可汗 Irrfan...,
                            2012?/?美国 台湾 英国 加拿大?/?剧情 奇幻 冒险
                        ,
                                ,
                            "
鬼子来了,32,9.2,292492,"
                            导演: 姜文 Wen Jiang???主演: 姜文 Wen Jiang / 香川照之 Teruyuki Kagawa /...,
                            2000?/?中国大陆?/?剧情 历史 战争
                        ,
                                ,
                            "
指环王3：王者无敌,33,9.1,350144,"
                            导演: 彼得・杰克逊 Peter Jackson???主演: 维果・莫腾森 Viggo Mortensen / ...,
                            2003?/?美国 新西兰?/?剧情 动作 奇幻 冒险
                        ,
                                ,
                            "
搏击俱乐部,34,9,465614,"
                            导演: 大卫・芬奇 David Fincher???主演: 爱德华・诺顿 Edward Norton / 布拉...,
                            1999?/?美国 德国?/?剧情 动作 悬疑 惊悚
                        ,
                                ,
                            "
天空之城,35,9,407152,"
                            导演: 宫崎骏 Hayao Miyazaki???主演: 田中真弓 Mayumi Tanaka / 横泽启子 Ke...,
                            1986?/?日本?/?动画 奇幻 冒险
                        ,
                                ,
                            "
控方证人,36,9.6,140431,"
                            导演: 比利・怀尔德 Billy Wilder???主演: 查尔斯・劳顿 Charles Laughton / ...,
                            1957?/?美国?/?剧情 犯罪 悬疑
                        ,
                                ,
                            "
飞屋环游记,37,8.9,621174,"
                            导演: 彼特・道格特 Pete Docter / 鲍勃・彼德森 Bob Peterson???主演: 爱德...,
                            2009?/?美国?/?剧情 喜剧 动画 冒险
                        ,
                                ,
                            "
大话西游之月光宝盒,38,8.9,516545,"
                            导演: 刘镇伟 Jeffrey Lau???主演: 周星驰 Stephen Chow / 吴孟达 Man Tat Ng...,
                            1995?/?香港 中国大陆?/?喜剧 爱情 奇幻 冒险
                        ,
                                ,
                            "
罗马假日,39,9,472247,"
                            导演: 威廉・惠勒 William Wyler???主演: 奥黛丽・赫本 Audrey Hepburn / 格...,
                            1953?/?美国?/?喜剧 剧情 爱情
                        ,
                                ,
                            "
窃听风暴,40,9.1,279013,"
                            导演: 弗洛里安・亨克尔・冯・多纳斯马 Florian Henckel von Donnersmarck???...,
                            2006?/?德国?/?剧情 悬疑
                        ,
                                ,
                            "
摔跤吧！爸爸,41,9.1,622150,"
                            导演: 涅提・蒂瓦里 Nitesh Tiwari???主演: 阿米尔・汗 Aamir Khan / 法缇玛...,
                            2016?/?印度?/?剧情 传记 运动 家庭
                        ,
                                ,
                            "
两杆大烟枪,42,9.1,319698,"
                            导演: Guy Ritchie???主演: Jason Flemyng / Dexter Fletcher / Nick Moran,
                            1998?/?英国?/?剧情 喜剧 犯罪
                        ,
                                ,
                            "
辩护人,43,9.2,275827,"
                            导演: 杨宇硕 Woo-seok Yang???主演: 宋康昊 Kang-ho Song / 吴达洙 Dal-su O...,
                            2013?/?韩国?/?剧情
                        ,
                                ,
                            "
闻香识女人,44,9,400124,"
                            导演: 马丁・布莱斯 Martin Brest???主演: 阿尔・帕西诺 Al Pacino / 克里斯...,
                            1992?/?美国?/?剧情
                        ,
                                ,
                            "
飞越疯人院,45,9,323532,"
                            导演: 米洛斯・福尔曼 Milo? Forman???主演: 杰克・尼科尔森 Jack Nichols...,
                            1975?/?美国?/?剧情
                        ,
                                ,
                            "
哈尔的移动城堡,46,8.9,440087,"
                            导演: 宫崎骏 Hayao Miyazaki???主演: 倍赏千惠子 Chieko Baish? / 木村拓...,
                            2004?/?日本?/?动画 奇幻 冒险
                        ,
                                ,
                            "
死亡诗社,47,9,343625,"
                            导演: 彼得・威尔 Peter Weir???主演: 罗宾・威廉姆斯 Robin Williams / 罗伯...,
                            1989?/?美国?/?剧情
                        ,
                                ,
                            "
V字仇杀队,48,8.8,519202,"
                            导演: 詹姆斯・麦克特格 James McTeigue???主演: 娜塔莉・波特曼 Natalie Por...,
                            2005?/?美国 英国 德国?/?剧情 动作 科幻 惊悚
                        ,
                                ,
                            "
海豚湾,49,9.3,212777,"
                            导演: Louie Psihoyos???主演: John Chisholm / Mandy-Rae Cruikshank / Char...,
                            2009?/?美国?/?纪录片
                        ,
                                ,
                            "
教父2,50,9.1,233084,"
                            导演: 弗朗西斯・福特・科波拉 Francis Ford Coppola???主演: 阿尔・帕西诺 A...,
                            1974?/?美国?/?剧情 犯罪
                        ,
                                ,
                            "
指环王2：双塔奇兵,51,9,328420,"
                            导演: 彼得・杰克逊 Peter Jackson???主演: 伊利亚・伍德 Elijah Wood / 西恩...,
                            2002?/?美国 新西兰?/?剧情 动作 奇幻 冒险
                        ,
                                ,
                            "
指环王1：魔戒再现,52,8.9,367789,"
                            导演: 彼得・杰克逊 Peter Jackson???主演: 伊利亚・伍德 Elijah Wood / 西恩...,
                            2001?/?新西兰 美国?/?剧情 动作 奇幻 冒险
                        ,
                                ,
                            "
美丽心灵,53,8.9,366630,"
                            导演: 朗・霍华德 Ron Howard???主演: 罗素・克劳 Russell Crowe / 艾德・哈...,
                            2001?/?美国?/?传记 剧情
                        ,
                                ,
                            "
饮食男女,54,9.1,251857,"
                            导演: 李安 Ang Lee???主演: 郎雄 Sihung Lung / 杨贵媚 Kuei-Mei Yang / 吴...,
                            1994?/?台湾 美国?/?剧情 家庭
                        ,
                                ,
                            "
情书,55,8.8,449034,"
                            导演: 岩井俊二 Shunji Iwai???主演: 中山美穗 Miho Nakayama / 丰川悦司 Ets...,
                            1995?/?日本?/?剧情 爱情
                        ,
                                ,
                            "
素媛,56,9.1,236386,"
                            导演: 李F益 Jun-ik Lee???主演: 薛景求 Kyung-gu Sol / 严志媛 Ji-won Uhm ...,
                            2013?/?韩国?/?剧情
                        ,
                                ,
                            "
狮子王,57,8.9,344760,"
                            导演: Roger Allers / 罗伯・明可夫 Rob Minkoff???主演: 乔纳森・泰勒・托马...,
                            1994?/?美国?/?剧情 动画 冒险 歌舞 家庭
                        ,
                                ,
                            "
美国往事,58,9.1,208869,"
                            导演: 赛尔乔・莱翁内 Sergio Leone???主演: 罗伯特・德尼罗 Robert De Niro ...,
                            1984?/?意大利 美国?/?犯罪 剧情
                        ,
                                ,
                            "
钢琴家,59,9.1,241988,"
                            导演: 罗曼・波兰斯基 Roman Polanski???主演: 艾德里安・布洛迪 Adrien Brod...,
                            2002?/?法国 德国 英国 波兰?/?剧情 传记 历史 战争 音乐
                        ,
                                ,
                            "
小鞋子,60,9.2,174078,"
                            导演: 马基德・马基迪 Majid Majidi???主演: Amir Farrokh Hashemian / 默罕...,
                            1997?/?伊朗?/?剧情 家庭 儿童
                        ,
                                ,
                            "
七宗罪,61,8.8,506918,"
                            导演: 大卫・芬奇 David Fincher???主演: 摩根・弗里曼 Morgan Freeman / 布...,
                            1995?/?美国?/?剧情 犯罪 悬疑 惊悚
                        ,
                                ,
                            "
被嫌弃的松子的一生,62,8.9,362445,"
                            导演: 中岛哲也 Tetsuya Nakashima???主演: 中谷美纪 Miki Nakatani / 瑛太 E...,
                            2006?/?日本?/?剧情 歌舞
                        ,
                                ,
                            "
致命魔术,63,8.8,413375,"
                            导演: 克里斯托弗・诺兰 Christopher Nolan???主演: 休・杰克曼 Hugh Jackman...,
                            2006?/?美国 英国?/?剧情 悬疑 惊悚
                        ,
                                ,
                            "
天使爱美丽,64,8.7,564827,"
                            导演: 让-皮埃尔・热内 Jean-Pierre Jeunet???主演: 奥黛丽・塔图 Audrey Tau...,
                            2001?/?法国 德国?/?喜剧 爱情
                        ,
                                ,
                            "
本杰明・巴顿奇事,65,8.8,470113,"
                            导演: 大卫・芬奇 David Fincher???主演: 凯特・布兰切特 Cate Blanchett / ...,
                            2008?/?美国?/?剧情 爱情 奇幻
                        ,
                                ,
                            "
西西里的美丽传说,66,8.8,435718,"
                            导演: 朱塞佩・托纳多雷 Giuseppe Tornatore???主演: 莫妮卡・贝鲁奇 Monica ...,
                            2000?/?意大利 美国?/?剧情 战争 情色
                        ,
                                ,
                            "
黑客帝国,67,8.9,345237,"
                            导演: 安迪・沃卓斯基 Andy Wachowski / 拉娜・沃卓斯基 Lana Wachowski???主...,
                            1999?/?美国 澳大利亚?/?动作 科幻
                        ,
                                ,
                            "
让子弹飞,68,8.7,763493,"
                            导演: 姜文 Wen Jiang???主演: 姜文 Wen Jiang / 葛优 You Ge / 周润发 Yun-F...,
                            2010?/?中国大陆 香港?/?剧情 喜剧 动作 西部
                        ,
                                ,
                            "
拯救大兵瑞恩,69,8.9,294635,"
                            导演: 史蒂文・斯皮尔伯格 Steven Spielberg???主演: 汤姆・汉克斯 Tom Hanks...,
                            1998?/?美国?/?剧情 历史 战争
                        ,
                                ,
                            "
音乐之声,70,8.9,276282,"
                            导演: Robert Wise???主演: 朱丽・安德鲁斯 Julie Andrews / 克里斯托弗・普...,
                            1965?/?美国?/?剧情 传记 爱情 歌舞
                        ,
                                ,
                            "
看不见的客人,71,8.7,459078,"
                            导演: 奥里奥尔・保罗 Oriol Paulo???主演: 马里奥・卡萨斯 Mario Casas / 阿...,
                            2016?/?西班牙?/?剧情 犯罪 悬疑 惊悚
                        ,
                                ,
                            "
末代皇帝,72,9,231358,"
                            导演: 贝纳尔多・贝托鲁奇 Bernardo Bertolucci???主演: 尊龙 John Lone / 陈...,
                            1987?/?英国 意大利 中国大陆 法国 美国?/?剧情 传记 历史
                        ,
                                ,
                            "
低俗小说,73,8.8,404083,"
                            导演: 昆汀・塔伦蒂诺 Quentin Tarantino???主演: 约翰・特拉沃尔塔 John Tra...,
                            1994?/?美国?/?剧情 喜剧 犯罪
                        ,
                                ,
                            "
勇敢的心,74,8.8,338926,"
                            导演: 梅尔・吉布森 Mel Gibson???主演: 梅尔・吉布森 Mel Gibson / 苏菲・玛...,
                            1995?/?美国?/?动作 传记 剧情 历史 战争
                        ,
                                ,
                            "
剪刀手爱德华,75,8.7,571269,"
                            导演: Tim Burton???主演: 约翰尼・德普 Johnny Depp / 薇诺娜・瑞德 Winona ...,
                            1990?/?美国?/?剧情 奇幻 爱情
                        ,
                                ,
                            "
沉默的羔羊,76,8.8,414168,"
                            导演: 乔纳森・戴米 Jonathan Demme???主演: 朱迪・福斯特 Jodie Foster / 安...,
                            1991?/?美国?/?剧情 犯罪 惊悚
                        ,
                                ,
                            "
大闹天宫,77,9.3,132532,"
                            导演: 万籁鸣 Laiming Wan / 唐澄 Cheng  Tang???主演: 邱岳峰 Yuefeng Qiu /...,
                            1961(中国大陆) / 1964(中国大陆) / 1978(中国大陆) / 2004(中国大陆)?/?中国大陆?/?动画 奇幻
                        ,
                                ,
                            "
蝴蝶效应,78,8.7,454592,"
                            导演: 埃里克・布雷斯 Eric Bress / J・麦基・格鲁伯 J. Mackye Gruber???主...,
                            2004?/?美国 加拿大?/?剧情 悬疑 科幻 惊悚
                        ,
                                ,
                            "
春光乍泄,79,8.8,297860,"
                            导演: 王家卫 Kar Wai Wong???主演: 张国荣 Leslie Cheung / 梁朝伟 Tony Leu...,
                            1997?/?香港 日本 韩国?/?剧情 爱情 同性
                        ,
                                ,
                            "
入殓师,80,8.8,357997,"
                            导演: 泷田洋二郎 Y?jir? Takita???主演: 本木雅弘 Masahiro Motoki / ...,
                            2008?/?日本?/?剧情
                        ,
                                ,
                            "
心灵捕手,81,8.8,328852,"
                            导演: 格斯・范・桑特 Gus Van Sant???主演: 马特・达蒙 Matt Damon / 罗宾・...,
                            1997?/?美国?/?剧情
                        ,
                                ,
                            "
哈利・波特与魔法石,82,8.8,334952,"
                            导演: Chris Columbus???主演: Daniel Radcliffe / Emma Watson / Rupert Grint,
                            2001?/?美国 英国?/?奇幻 冒险
                        ,
                                ,
                            "
玛丽和马克思,83,8.9,260026,"
                            导演: 亚当・艾略特 Adam Elliot???主演: 托妮・科莱特 Toni Collette / 菲利...,
                            2009?/?澳大利亚?/?剧情 动画
                        ,
                                ,
                            "
布达佩斯大饭店,84,8.8,393686,"
                            导演: 韦斯・安德森 Wes Anderson???主演: 拉尔夫・费因斯 Ralph Fiennes / ...,
                            2014?/?美国 德国 英国?/?剧情 喜剧 冒险
                        ,
                                ,
                            "
阳光灿烂的日子,85,8.8,323369,"
                            导演: 姜文 Wen Jiang???主演: 夏雨 Yu Xia / 宁静 Jing Ning / 陶虹 Hong Tao,
                            1994?/?中国大陆 香港?/?剧情
                        ,
                                ,
                            "
禁闭岛,86,8.7,434545,"
                            导演: Martin Scorsese???主演: 莱昂纳多・迪卡普里奥 Leonardo DiCaprio / ...,
                            2010?/?美国?/?剧情 悬疑 惊悚
                        ,
                                ,
                            "
猫鼠游戏,87,8.8,293903,"
                            导演: 史蒂文・斯皮尔伯格 Steven Spielberg???主演: 莱昂纳多・迪卡普里奥 L...,
                            2002?/?美国 加拿大?/?传记 犯罪 剧情
                        ,
                                ,
                            "
幽灵公主,88,8.8,276399,"
                            导演: 宫崎骏 Hayao Miyazaki???主演: 松田洋治 Y?ji Matsuda / 石田百合...,
                            1997?/?日本?/?动画 奇幻 冒险
                        ,
                                ,
                            "
第六感,89,8.8,276723,"
                            导演: M・奈特・沙马兰 M. Night Shyamalan???主演: 布鲁斯・威利斯 Bruce Wi...,
                            1999?/?美国?/?剧情 悬疑 惊悚
                        ,
                                ,
                            "
重庆森林,90,8.7,393859,"
                            导演: 王家卫 Kar Wai Wong???主演: 林青霞 Brigitte Lin / 金城武 Takeshi K...,
                            1994?/?香港?/?剧情 爱情
                        ,
                                ,
                            "
狩猎,91,9.1,162387,"
                            导演: 托马斯・温特伯格 Thomas Vinterberg???主演: 麦斯・米科尔森 Mads Mik...,
                            2012?/?丹麦 瑞典?/?剧情
                        ,
                                ,
                            "
致命ID,92,8.7,380260,"
                            导演: James Mangold???主演: John Cusack / Ray Liotta / Amanda Peet,
                            2003?/?美国?/?剧情 悬疑 惊悚
                        ,
                                ,
                            "
断背山,93,8.7,378120,"
                            导演: 李安 Ang Lee???主演: 希斯・莱杰 Heath Ledger / 杰克・吉伦哈尔 Jake...,
                            2005?/?美国 加拿大?/?剧情 爱情 同性 家庭
                        ,
                                ,
                            "
穿条纹睡衣的男孩,94,8.9,189602,"
                            导演: 马克・赫门 Mark Herman???主演: 阿沙・巴特菲尔德 Asa Butterfield / ...,
                            2008?/?英国 美国?/?剧情 战争
                        ,
                                ,
                            "
大鱼,95,8.7,296217,"
                            导演: 蒂姆・波顿 Tim Burton???主演: 伊万・麦克格雷格 Ewan McGregor / 阿...,
                            2003?/?美国?/?剧情 家庭 奇幻 冒险
                        ,
                                ,
                            "
加勒比海盗,96,8.6,416285,"
                            导演: 戈尔・维宾斯基 Gore Verbinski???主演: 约翰尼・德普 Johnny Depp / ...,
                            2003?/?美国?/?动作 冒险 奇幻
                        ,
                                ,
                            "
阿凡达,97,8.6,627834,"
                            导演: 詹姆斯・卡梅隆 James Cameron???主演: 萨姆・沃辛顿 Sam Worthington ...,
                            2009?/?美国 英国?/?动作 战争 科幻 冒险
                        ,
                                ,
                            "
告白,98,8.7,400735,"
                            导演: 中岛哲也 Tetsuya Nakashima???主演: 松隆子 Takako Matsu / 冈田将生 ...,
                            2010?/?日本?/?剧情 惊悚
                        ,
                                ,
                            "
摩登时代,99,9.2,112159,"
                            导演: 查理・卓别林 Charles Chaplin???主演: 查理・卓别林 Charles Chaplin ...,
                            1936?/?美国?/?喜剧 剧情 爱情
                        ,
                                ,
                            "
一一,100,8.9,180749,"
                            导演: 杨德昌 Edward Yang???主演: 吴念真 / 李凯莉 Kelly Lee / 金燕玲 Elai...,
                            2000?/?台湾 日本?/?剧情 爱情 家庭
                        ,
                                ,
                            "
甜蜜蜜,101,8.8,265811,"
                            导演: 陈可辛 Peter Chan???主演: 黎明 Leon Lai / 张曼玉 Maggie Cheung / ...,
                            1996?/?香港?/?剧情 爱情
                        ,
                                ,
                            "
射雕英雄传之东成西就,102,8.7,321713,"
                            导演: 刘镇伟 Jeffrey Lau???主演: 梁朝伟 Tony Leung Chiu Wai / 林青霞 Bri...,
                            1993?/?香港?/?喜剧 古装
                        ,
                                ,
                            "
阳光姐妹淘,103,8.8,317046,"
                            导演: 姜炯哲 Hyeong-Cheol Kang???主演: 沈恩京 Eun-kyung Shim / 闵孝琳 Hy...,
                            2011?/?韩国?/?剧情 喜剧
                        ,
                                ,
                            "
消失的爱人,104,8.7,428073,"
                            导演: 大卫・芬奇 David Fincher???主演: 本・阿弗莱克 Ben Affleck / 罗莎蒙...,
                            2014?/?美国?/?剧情 犯罪 悬疑 惊悚
                        ,
                                ,
                            "
爱在黎明破晓前,105,8.7,264107,"
                            导演: 理查德・林克莱特 Richard Linklater???主演: 伊桑・霍克 Ethan Hawke ...,
                            1995?/?美国 奥地利 瑞士?/?剧情 爱情
                        ,
                                ,
                            "
上帝之城,106,8.9,177072,"
                            导演: Kátia Lund / Fernando Meirelles???主演: Alexandre Rodrigues / Lea...,
                            2002?/?巴西 法国?/?犯罪 剧情
                        ,
                                ,
                            "
侧耳倾听,107,8.8,204501,"
                            导演: 近藤喜文 Yoshifumi Kondo???主演: 本名阳子 Youko Honna / 小林桂树 K...,
                            1995?/?日本?/?剧情 爱情 动画
                        ,
                                ,
                            "
爱在日落黄昏时,108,8.8,233603,"
                            导演: 理查德・林克莱特 Richard Linklater???主演: 伊桑・霍克 Ethan Hawke ...,
                            2004?/?美国?/?剧情 爱情
                        ,
                                ,
                            "
风之谷,109,8.8,204938,"
                            导演: 宫崎骏 Hayao Miyazaki???主演: 岛本须美 Sumi Shimamoto / 松田洋治 Y...,
                            1984?/?日本?/?动画 奇幻 冒险
                        ,
                                ,
                            "
超脱,110,8.8,209988,"
                            导演: 托尼・凯耶 Tony Kaye???主演: 艾德里安・布洛迪 Adrien Brody / 马西...,
                            2011?/?美国?/?剧情
                        ,
                                ,
                            "
小森林 夏秋篇,111,8.9,171009,"
                            导演: 森淳一 Junichi Mori???主演: 桥本爱 Ai Hashimoto / 三浦贵大 Takahir...,
                            2014?/?日本?/?剧情
                        ,
                                ,
                            "
喜剧之王,112,8.6,384831,"
                            导演: 周星驰 Stephen Chow / 李力持 Lik-Chi Lee???主演: 周星驰 Stephen Ch...,
                            1999?/?香港?/?喜剧 剧情 爱情
                        ,
                                ,
                            "
倩女幽魂,113,8.6,312625,"
                            导演: 程小东 Siu-Tung Ching???主演: 张国荣 Leslie Cheung / 王祖贤 Joey W...,
                            1987?/?香港?/?剧情 爱情 武侠 古装
                        ,
                                ,
                            "
恐怖直播,114,8.7,276100,"
                            导演: 金秉v Byeong-woo Kim???主演: 河正宇 Jung-woo Ha / 李Z荣 Kyeong-y...,
                            2013?/?韩国?/?剧情 犯罪 悬疑
                        ,
                                ,
                            "
红辣椒,115,8.9,164178,"
                            导演: 今敏 Satoshi Kon???主演: 林原惠美 Megumi Hayashibara / 古谷彻 T...,
                            2006?/?日本?/?动画 悬疑 科幻 惊悚
                        ,
                                ,
                            "
菊次郎的夏天,116,8.8,224413,"
                            导演: 北野武 Takeshi Kitano???主演: 北野武 Takeshi Kitano / 关口雄介 Yus...,
                            1999?/?日本?/?剧情 喜剧
                        ,
                                ,
                            "
驯龙高手,117,8.7,339633,"
                            导演: 迪恩・德布洛斯 Dean DeBlois / 克里斯・桑德斯 Chris Sanders???主演:...,
                            2010?/?美国?/?喜剧 动画 奇幻 冒险
                        ,
                                ,
                            "
幸福终点站,118,8.7,261329,"
                            导演: 史蒂文・斯皮尔伯格 Steven Spielberg???主演: 汤姆・汉克斯 Tom Hanks...,
                            2004?/?美国?/?喜剧 剧情 爱情
                        ,
                                ,
                            "
神偷奶爸,119,8.5,455962,"
                            导演: 皮艾尔・柯芬 Pierre Coffin / 克里斯・雷纳德 Chris Renaud???主演: ...,
                            2010?/?美国 法国?/?喜剧 动画 冒险
                        ,
                                ,
                            "
借东西的小人阿莉埃蒂,120,8.7,252770,"
                            导演: 米林宏昌 Hiromasa Yonebayashi???主演: 志田未来 Mirai Shida / 神木...,
                            2010?/?日本?/?动画 奇幻 冒险
                        ,
                                ,
                            "
岁月神偷,121,8.6,346142,"
                            导演: 罗启锐 Alex Law???主演: 吴君如 Sandra Ng / 任达华 Simon Yam / 钟绍...,
                            2010?/?香港 中国大陆?/?剧情 家庭
                        ,
                                ,
                            "
杀人回忆,122,8.7,243513,"
                            导演: 奉俊昊 Joon-ho Bong???主演: 宋康昊 Kang-ho Song / 金相庆 Sang-kyun...,
                            2003?/?韩国?/?犯罪 剧情 悬疑 惊悚
                        ,
                                ,
                            "
七武士,123,9.2,91123,"
                            导演: 黑泽明 Akira Kurosawa???主演: 三船敏郎 Toshir? Mifune / 志村乔 ...,
                            1954?/?日本?/?动作 冒险 剧情
                        ,
                                ,
                            "
萤火虫之墓,124,8.7,233551,"
                            导演: 高x勋 Isao Takahata???主演: 辰己努 / 白石绫乃 / 志乃原良子,
                            1988?/?日本?/?动画 剧情 战争
                        ,
                                ,
                            "
怪兽电力公司,125,8.6,290515,"
                            导演: 彼特・道格特 Pete Docter / 大卫・斯沃曼 David Silverman???主演: 约...,
                            2001?/?美国?/?儿童 喜剧 动画 奇幻 冒险
                        ,
                                ,
                            "
谍影重重3,126,8.7,211145,"
                            导演: 保罗・格林格拉斯 Paul Greengrass???主演: 马特・达蒙 Matt Damon / ...,
                            2007?/?美国 德国?/?动作 悬疑 惊悚
                        ,
                                ,
                            "
喜宴,127,8.8,163357,"
                            导演: 李安 Ang Lee???主演: 赵文u Winston Chao / 郎雄 Sihung Lung / 归亚...,
                            1993?/?台湾 美国?/?剧情 喜剧 爱情 同性 家庭
                        ,
                                ,
                            "
小森林 冬春篇,128,9,147953,"
                            导演: 森淳一 Junichi Mori???主演: 桥本爱 Ai Hashimoto / 三浦贵大 Takahir...,
                            2015?/?日本?/?剧情
                        ,
                                ,
                            "
贫民窟的百万富翁,129,8.5,439612,"
                            导演: 丹尼・鲍尔 Danny Boyle / 洛芙琳・坦丹 Loveleen Tandan???主演: 戴夫...,
                            2008?/?英国 美国?/?剧情 爱情
                        ,
                                ,
                            "
电锯惊魂,130,8.7,228698,"
                            导演: 詹姆斯・温 James Wan???主演: 雷・沃纳尔 Leigh Whannell / 加利・艾...,
                            2004?/?美国?/?悬疑 惊悚 恐怖
                        ,
                                ,
                            "
东邪西毒,131,8.6,295770,"
                            导演: 王家卫 Kar Wai Wong???主演: 张国荣 Leslie Cheung / 林青霞 Brigitte...,
                            1994?/?香港 台湾?/?剧情 动作 爱情 武侠 古装
                        ,
                                ,
                            "
请以你的名字呼唤我,132,8.8,228357,"
                            导演: 卢卡・圭达尼诺 Luca Guadagnino???主演: 蒂莫西・柴勒梅德 Timothée ...,
                            2017?/?意大利 法国 巴西 美国?/?剧情 爱情 同性
                        ,
                                ,
                            "
记忆碎片,133,8.6,320777,"
                            导演: 克里斯托弗・诺兰 Christopher Nolan???主演: 盖・皮尔斯 Guy Pearce /...,
                            2000?/?美国?/?犯罪 剧情 悬疑 惊悚
                        ,
                                ,
                            "
真爱至上,134,8.5,355539,"
                            导演: 理查德・柯蒂斯 Richard Curtis???主演: 休・格兰特 Hugh Grant / 柯林...,
                            2003?/?英国 美国 法国?/?喜剧 剧情 爱情
                        ,
                                ,
                            "
黑天鹅,135,8.5,475405,"
                            导演: 达伦・阿罗诺夫斯基 Darren Aronofsky???主演: 娜塔莉・波特曼 Natalie...,
                            2010?/?美国?/?剧情 惊悚
                        ,
                                ,
                            "
疯狂原始人,136,8.7,427388,"
                            导演: 科克・德・米科 Kirk De Micco / 克里斯・桑德斯 Chris Sanders???主演...,
                            2013?/?美国?/?喜剧 动画 冒险
                        ,
                                ,
                            "
哈利・波特与死亡圣器(下),137,8.7,323000,"
                            导演: 大卫・叶茨 David Yates???主演: 丹尼尔・雷德克里夫 Daniel Radcliffe...,
                            2011?/?美国 英国?/?剧情 悬疑 奇幻 冒险
                        ,
                                ,
                            "
萤火之森,138,8.8,196052,"
                            导演: 大森贵弘 Takahiro Omori???主演: 佐仓绫音 Ayane Sakura / 内山昂辉 K...,
                            2011?/?日本?/?剧情 爱情 动画 奇幻
                        ,
                                ,
                            "
7号房的礼物,139,8.7,212914,"
                            导演: 李焕庆 Hwan-kyeong Lee???主演: 柳承龙 Seung-yong Ryoo / 朴信惠 Shi...,
                            2013?/?韩国?/?剧情 喜剧 家庭
                        ,
                                ,
                            "
雨人,140,8.6,233269,"
                            导演: 巴瑞・莱文森 Barry Levinson???主演: 达斯汀・霍夫曼 Dustin Hoffman ...,
                            1988?/?美国?/?剧情
                        ,
                                ,
                            "
英雄本色,141,8.6,209339,"
                            导演: 吴宇森 John Woo???主演: 周润发 Yun-Fat Chow / 狄龙 Lung Ti / 张国...,
                            1986?/?香港?/?动作 犯罪
                        ,
                                ,
                            "
卢旺达饭店,142,8.9,139677,"
                            导演: 特瑞・乔治 Terry George???主演: 唐・钱德尔 Don Cheadle / 苏菲・奥...,
                            2004?/?英国 南非 意大利 美国?/?剧情 历史 战争
                        ,
                                ,
                            "
海洋,143,9,106736,"
                            导演: 雅克・贝汉 Jacques Perrin / 雅克・克鲁奥德 Jacques Cluzaud???主演:...,
                            2009?/?法国 瑞士 西班牙 美国 阿联酋?/?纪录片
                        ,
                                ,
                            "
心迷宫,144,8.7,218770,"
                            导演: 忻钰坤 Yukun Xin???主演: 霍卫民 Weimin Huo / 王笑天 Xiaotian Wang ...,
                            2014?/?中国大陆?/?剧情 犯罪 悬疑
                        ,
                                ,
                            "
超能陆战队,145,8.6,443950,"
                            导演: 唐・霍尔 Don Hall / 克里斯・威廉姆斯 Chris Williams???主演: 斯科特...,
                            2014?/?美国?/?喜剧 动作 科幻 动画 冒险
                        ,
                                ,
                            "
唐伯虎点秋香,146,8.5,407464,"
                            导演: 李力持 Lik-Chi Lee???主演: 周星驰 Stephen Chow / 巩俐 Li Gong / 陈...,
                            1993?/?香港?/?喜剧 爱情 古装
                        ,
                                ,
                            "
蝙蝠侠：黑暗骑士崛起,147,8.6,340876,"
                            导演: 克里斯托弗・诺兰 Christopher Nolan???主演: 克里斯蒂安・贝尔 Christ...,
                            2012?/?美国 英国?/?剧情 动作 科幻 犯罪 惊悚
                        ,
                                ,
                            "
荒蛮故事,148,8.8,175163,"
                            导演: 达米安・斯兹弗隆 Damián Szifron???主演: 达里奥・葛兰帝内提 Darío...,
                            2014?/?阿根廷 西班牙?/?剧情 喜剧 犯罪
                        ,
                                ,
                            "
傲慢与偏见,149,8.5,353789,"
                            导演: 乔・怀特 Joe Wright???主演: 凯拉・奈特莉 Keira Knightley / 马修・...,
                            2005?/?法国 英国 美国?/?剧情 爱情
                        ,
                                ,
                            "
海边的曼彻斯特,150,8.6,240522,"
                            导演: 肯尼斯・罗纳根 Kenneth Lonergan???主演: 卡西・阿弗莱克 Casey Affle...,
                            2016?/?美国?/?剧情 家庭
                        ,
                                ,
                            "
虎口脱险,151,8.9,120690,"
                            导演: 杰拉尔・乌里 Gérard Oury???主演: 路易・德・菲耐斯 Louis de Funès...,
                            1966?/?法国 英国?/?喜剧 战争
                        ,
                                ,
                            "
纵横四海,152,8.7,178083,"
                            导演: 吴宇森 John Woo???主演: 周润发 Yun-Fat Chow / 张国荣 Leslie Cheung...,
                            1991?/?香港?/?剧情 喜剧 动作 犯罪
                        ,
                                ,
                            "
燃情岁月,153,8.7,164036,"
                            导演: 爱德华・兹威克 Edward Zwick???主演: 安东尼・霍普金斯 Anthony Hopki...,
                            1994?/?美国?/?剧情 爱情 西部 家庭
                        ,
                                ,
                            "
教父3,154,8.8,154566,"
                            导演: 弗朗西斯・福特・科波拉 Francis Ford Coppola???主演: 阿尔・帕西诺 A...,
                            1990?/?美国?/?剧情 犯罪
                        ,
                                ,
                            "
时空恋旅人,155,8.6,242353,"
                            导演: 理查德・柯蒂斯 Richard Curtis???主演: 多姆纳尔・格利森 Domhnall Gl...,
                            2013?/?英国?/?剧情 爱情 奇幻
                        ,
                                ,
                            "
玩具总动员3,156,8.8,221550,"
                            导演: 李・昂克里奇 Lee Unkrich???主演: 汤姆・汉克斯 Tom Hanks / 蒂姆・艾...,
                            2010?/?美国?/?喜剧 动画 奇幻 冒险
                        ,
                                ,
                            "
花样年华,157,8.5,283783,"
                            导演: 王家卫 Kar Wai Wong???主演: 梁朝伟 Tony Leung Chiu Wai / 张曼玉 Ma...,
                            2000?/?香港?/?剧情 爱情
                        ,
                                ,
                            "
完美的世界,158,9,96631,"
                            导演: 克林特・伊斯特伍德 Clint Eastwood???主演: 凯文・科斯特纳 Kevin Cos...,
                            1993?/?美国?/?剧情 犯罪
                        ,
                                ,
                            "
恋恋笔记本,159,8.5,327721,"
                            导演: 尼克・卡索维茨 Nick Cassavetes???主演: 瑞恩・高斯林 Ryan Gosling /...,
                            2004?/?美国?/?剧情 爱情
                        ,
                                ,
                            "
无人知晓,160,9.1,90016,"
                            导演: 是枝裕和 Hirokazu Koreeda???主演: 柳乐优弥 Y?ya Yagira / 北浦爱...,
                            2004?/?日本?/?剧情
                        ,
                                ,
                            "
达拉斯买家俱乐部,161,8.7,217907,"
                            导演: 让-马克・瓦雷 Jean-Marc Vallée???主演: 马修・麦康纳 Matthew McCon...,
                            2013?/?美国?/?剧情 传记 同性
                        ,
                                ,
                            "
二十二,162,8.7,128413,"
                            导演: 郭柯 Ke Guo???主演: ,
                            2015?/?中国大陆?/?纪录片
                        ,
                                ,
                            "
雨中曲,163,9,105254,"
                            导演: Stanley Donen / Gene Kelly???主演: Gene Kelly / Donald O'Connor / ...,
                            1952?/?美国?/?喜剧 歌舞 爱情
                        ,
                                ,
                            "
魂断蓝桥,164,8.8,144975,"
                            导演: Mervyn LeRoy???主演: Vivien Leigh / Robert Taylor / Lucile Watson,
                            1940?/?美国?/?剧情 战争 爱情
                        ,
                                ,
                            "
猜火车,165,8.5,275359,"
                            导演: 丹尼・博伊尔 Danny Boyle???主演: 伊万・麦克格雷格 Ewan McGregor / ...,
                            1996?/?英国?/?犯罪 剧情
                        ,
                                ,
                            "
血战钢锯岭,166,8.7,379862,"
                            导演: 梅尔・吉布森 Mel Gibson???主演: 安德鲁・加菲尔德 Andrew Garfield /...,
                            2016?/?美国 澳大利亚?/?剧情 传记 历史 战争
                        ,
                                ,
                            "
穿越时空的少女,167,8.6,209064,"
                            导演: 细田守 Mamoru Hosoda???主演: 仲里依纱 Riisa Naka / 石田卓也 Takuya...,
                            2006?/?日本?/?剧情 爱情 科幻 动画
                        ,
                                ,
                            "
我是山姆,168,8.8,122671,"
                            导演: 杰茜・尼尔森 Jessie Nelson???主演: Sean Penn / Dakota Fanning / Mi...,
                            2001?/?美国?/?剧情 家庭
                        ,
                                ,
                            "
冰川时代,169,8.5,314939,"
                            导演: 卡洛斯・沙尔丹哈 Carlos Saldanha / 克里斯・韦奇 Chris Wedge???主演...,
                            2002?/?美国?/?喜剧 动画 冒险
                        ,
                                ,
                            "
人工智能,170,8.6,218424,"
                            导演: 史蒂文・斯皮尔伯格 Steven Spielberg???主演: 海利・乔・奥斯蒙 Haley...,
                            2001?/?美国?/?冒险 剧情 科幻
                        ,
                                ,
                            "
爆裂鼓手,171,8.6,273468,"
                            导演: 达米安・沙泽勒 Damien Chazelle???主演: 迈尔斯・特勒 Miles Teller /...,
                            2014?/?美国?/?剧情 音乐
                        ,
                                ,
                            "
浪潮,172,8.7,150740,"
                            导演: 丹尼斯・甘塞尔 Dennis Gansel???主演: 尤尔根・沃格尔 Jürgen Vogel ...,
                            2008?/?德国?/?剧情 惊悚
                        ,
                                ,
                            "
未麻的部屋,173,8.8,117124,"
                            导演: 今敏 Satoshi Kon???主演: 岩男润子 Junko Iwao / 松本梨香 Rica Matsu...,
                            1997?/?日本?/?动画 奇幻 惊悚
                        ,
                                ,
                            "
罗生门,174,8.7,146462,"
                            导演: 黑泽明 Akira Kurosawa???主演: 三船敏郎 Toshir? Mifune / 千秋实 ...,
                            1950?/?日本?/?犯罪 剧情 悬疑
                        ,
                                ,
                            "
朗读者,175,8.5,303329,"
                            导演: 史蒂芬・戴德利 Stephen Daldry???主演: 凯特・温丝莱特 Kate Winslet ...,
                            2008?/?美国 德国?/?剧情 爱情
                        ,
                                ,
                            "
被解救的姜戈,176,8.6,295802,"
                            导演: 昆汀・塔伦蒂诺 Quentin Tarantino???主演: 杰米・福克斯 Jamie Foxx /...,
                            2012?/?美国?/?剧情 动作 西部 冒险
                        ,
                                ,
                            "
头脑特工队,177,8.7,272309,"
                            导演: 彼特・道格特 Pete Docter / 罗纳尔多・德尔・卡门 Ronaldo Del Carmen??&nb...,
                            2015?/?美国?/?喜剧 动画 冒险
                        ,
                                ,
                            "
香水,178,8.4,312861,"
                            导演: 汤姆・提克威 Tom Tykwer???主演: 本・卫肖 Ben Whishaw / 艾伦・瑞克...,
                            2006?/?德国 法国 西班牙 美国?/?剧情 犯罪 奇幻
                        ,
                                ,
                            "
阿飞正传,179,8.5,241082,"
                            导演: 王家卫 Kar Wai Wong???主演: 张国荣 Leslie Cheung / 张曼玉 Maggie C...,
                            1990?/?香港?/?犯罪 剧情 爱情
                        ,
                                ,
                            "
你的名字。,180,8.4,577410,"
                            导演: 新海诚 Makoto Shinkai???主演: 神木隆之介 Ry?nosuke Kamiki / 上...,
                            2016?/?日本?/?剧情 爱情 动画
                        ,
                                ,
                            "
可可西里,181,8.7,147343,"
                            导演: 陆川 Chuan Lu???主演: 多布杰 Duobujie / 张磊 Lei Zhang / 亓亮 Qi L...,
                            2004?/?中国大陆 香港?/?剧情 犯罪
                        ,
                                ,
                            "
恐怖游轮,182,8.4,377913,"
                            导演: 克里斯托弗・史密斯 Christopher Smith???主演: 梅利莎・乔治 Melissa ...,
                            2009?/?英国 澳大利亚?/?剧情 悬疑 惊悚
                        ,
                                ,
                            "
房间,183,8.8,185926,"
                            导演: 伦尼・阿伯拉罕森 Lenny Abrahamson???主演: 布丽・拉尔森 Brie Larson...,
                            2015?/?爱尔兰 加拿大 英国 美国?/?剧情 家庭
                        ,
                                ,
                            "
一次别离,184,8.7,148795,"
                            导演: 阿斯哈・法哈蒂  Asghar Farhadi???主演: 佩曼・莫阿迪 Peyman Moadi /...,
                            2011?/?伊朗 法国?/?剧情 家庭
                        ,
                                ,
                            "
战争之王,185,8.6,194450,"
                            导演: 安德鲁・尼科尔 Andrew Niccol???主演: 尼古拉斯・凯奇 Nicolas Cage /...,
                            2005?/?美国 法国?/?剧情 犯罪
                        ,
                                ,
                            "
追随,186,8.9,92716,"
                            导演: 克里斯托弗・诺兰 Christopher Nolan???主演: 杰里米・西奥伯德 Jeremy...,
                            1998?/?英国?/?犯罪 悬疑 惊悚
                        ,
                                ,
                            "
撞车,187,8.6,193666,"
                            导演: 保罗・哈吉斯 Paul Haggis???主演: 桑德拉・布洛克 Sandra Bullock / ...,
                            2004?/?美国 德国?/?犯罪 剧情
                        ,
                                ,
                            "
模仿游戏,188,8.6,296514,"
                            导演: 莫腾・泰杜姆 Morten Tyldum???主演: 本尼迪克特・康伯巴奇 Benedict C...,
                            2014?/?英国 美国?/?剧情 传记 战争 同性
                        ,
                                ,
                            "
一个叫欧维的男人决定去死,189,8.8,149718,"
                            导演: 汉内斯・赫尔姆 Hannes Holm???主演: 罗夫・拉斯加德 Rolf Lassg?rd...,
                            2015?/?瑞典?/?剧情
                        ,
                                ,
                            "
忠犬八公物语,190,9,73389,"
                            导演: Seijir? K?yama???主演: 山本圭 Kei Yamamoto / 井川比佐志 Hisa...,
                            1987?/?日本?/?剧情
                        ,
                                ,
                            "
地球上的星星,191,8.9,98350,"
                            导演: 阿米尔・汗 Aamir Khan???主演: 达席尔・萨法瑞 Darsheel Safary / 阿...,
                            2007?/?印度?/?剧情 儿童 家庭
                        ,
                                ,
                            "
魔女宅急便,192,8.5,224905,"
                            导演: 宫崎骏 Hayao Miyazaki???主演: 高山南 Minami Takayama / 佐久间玲 Re...,
                            1989?/?日本?/?动画 奇幻 冒险
                        ,
                                ,
                            "
完美陌生人,193,8.6,246188,"
                            导演: 保罗・格诺维瑟 Paolo Genovese???主演: 马可・贾利尼 Marco Giallini ...,
                            2016?/?意大利?/?剧情 喜剧
                        ,
                                ,
                            "
谍影重重,194,8.5,220182,"
                            导演: 道格・里曼 Doug Liman???主演: 马特・达蒙 Matt Damon / 弗兰卡・波坦...,
                            2002?/?美国 德国 捷克?/?动作 悬疑 惊悚
                        ,
                                ,
                            "
谍影重重2,195,8.6,182831,"
                            导演: 保罗・格林格拉斯 Paul Greengrass???主演: 马特・达蒙 Matt Damon / ...,
                            2004?/?美国 德国?/?动作 悬疑 惊悚
                        ,
                                ,
                            "
牯岭街少年杀人事件,196,8.8,123107,"
                            导演: 杨德昌 Edward Yang???主演: 张震 Chen Chang / 杨静怡 Lisa Yang / 张...,
                            1991?/?台湾?/?剧情 犯罪
                        ,
                                ,
                            "
哪吒闹海,197,8.9,96071,"
                            导演: 严定宪 Dingxian Yan / 王树忱 Shuchen Wang???主演: 梁正晖 Zhenghui ...,
                            1979?/?中国大陆?/?冒险 动画 奇幻
                        ,
                                ,
                            "
梦之安魂曲,198,8.7,125885,"
                            导演: 达伦・阿伦诺夫斯基 Darren Aronofsky???主演: 艾伦・伯斯汀 Ellen Bur...,
                            2000?/?美国?/?剧情
                        ,
                                ,
                            "
青蛇,199,8.5,256265,"
                            导演: 徐克 Hark Tsui???主演: 张曼玉 Maggie Cheung / 王祖贤 Joey Wang / ...,
                            1993?/?香港?/?剧情 奇幻 古装
                        ,
                                ,
                            "
惊魂记,200,8.9,97964,"
                            导演: Alfred Hitchcock???主演: Janet Leigh / Anthony Perkins / Vera Miles,
                            1960?/?美国?/?悬疑 惊悚 恐怖
                        ,
                                ,
                            "
黑客帝国3：矩阵革命,201,8.6,181129,"
                            导演: Andy Wachowski / Larry Wachowski???主演: Keanu Reeves / Laurence F...,
                            2003?/?美国 澳大利亚?/?动作 科幻
                        ,
                                ,
                            "
小萝莉的猴神大叔,202,8.5,201830,"
                            导演: 卡比尔・汗 Kabir Khan???主演: 萨尔曼・汗 Salman Khan / 哈莎莉・马...,
                            2015?/?印度?/?剧情 喜剧 动作
                        ,
                                ,
                            "
再次出发之纽约遇见你,203,8.5,200726,"
                            导演: 约翰・卡尼 John Carney???主演: 凯拉・奈特莉 Keira Knightley / 马克...,
                            2013?/?美国?/?喜剧 爱情 音乐
                        ,
                                ,
                            "
东京物语,204,9.2,59840,"
                            导演: 小津安二郎 Yasujir? Ozu???主演: 笠智众 Chish? Ry? / 原节...,
                            1953?/?日本?/?剧情 家庭
                        ,
                                ,
                            "
新龙门客栈,205,8.5,213122,"
                            导演: 李惠民 Raymond Lee???主演: 张曼玉 Maggie Cheung / 林青霞 Brigitte ...,
                            1992?/?香港 中国大陆?/?剧情 动作 武侠 古装
                        ,
                                ,
                            "
海街日记,206,8.7,164272,"
                            导演: 是枝裕和 Hirokazu Koreeda???主演: 绫濑遥 Haruka Ayase / 长泽雅美 M...,
                            2015?/?日本?/?剧情 家庭
                        ,
                                ,
                            "
步履不停,207,8.8,104186,"
                            导演: 是枝裕和 Hirokazu Koreeda???主演: 阿部宽 Hiroshi Abe / 夏川结衣 Yu...,
                            2008?/?日本?/?剧情 家庭
                        ,
                                ,
                            "
源代码,208,8.4,452814,"
                            导演: 邓肯・琼斯 Duncan Jones???主演: 杰克・吉伦哈尔 Jake Gyllenhaal / ...,
                            2011?/?美国 加拿大?/?科幻 悬疑 惊悚
                        ,
                                ,
                            "
终结者2：审判日,209,8.6,160932,"
                            导演: 詹姆斯・卡梅隆 James Cameron???主演: 阿诺・施瓦辛格 Arnold Schwarz...,
                            1991?/?美国 法国?/?动作 科幻
                        ,
                                ,
                            "
绿里奇迹,210,8.7,121819,"
                            导演: Frank Darabont???主演: 汤姆・汉克斯 Tom Hanks / 大卫・摩斯 David M...,
                            1999?/?美国?/?犯罪 剧情 奇幻 悬疑
                        ,
                                ,
                            "
末路狂花,211,8.7,118536,"
                            导演: 雷德利・斯科特 Ridley Scott???主演: 吉娜・戴维斯 Geena Davis / 苏...,
                            1991?/?美国 法国?/?犯罪 剧情 惊悚
                        ,
                                ,
                            "
初恋这件小事,212,8.3,525267,"
                            导演: 普特鹏・普罗萨卡・那・萨克那卡林 Puttipong Promsaka Na Sakolnakorn / 华森・波克彭...,
                            2010?/?泰国?/?剧情 喜剧 爱情
                        ,
                                ,
                            "
无敌破坏王,213,8.7,214035,"
                            导演: 瑞奇・莫尔 Rich Moore???主演: 约翰・C・赖利 John C. Reilly / 萨拉...,
                            2012?/?美国?/?喜剧 动画 奇幻 冒险
                        ,
                                ,
                            "
秒速5厘米,214,8.3,345024,"
                            导演: 新海诚 Makoto Shinkai???主演: 水桥研二 Kenji Mizuhashi / 近藤好美 ...,
                            2007?/?日本?/?动画 剧情 爱情
                        ,
                                ,
                            "
城市之光,215,9.2,52455,"
                            导演: Charles Chaplin???主演: 查理・卓别林 Charles Chaplin / 弗吉尼亚・...,
                            1931?/?美国?/?喜剧 剧情 爱情
                        ,
                                ,
                            "
无耻混蛋,216,8.5,250242,"
                            导演: Quentin Tarantino???主演: 布拉德・皮特 Brad Pitt / 梅拉尼・罗兰 M...,
                            2009?/?美国 德国?/?剧情 犯罪
                        ,
                                ,
                            "
爱在午夜降临前,217,8.8,135360,"
                            导演: 理查德・林克莱特 Richard Linklater???主演: 伊桑・霍克 Ethan Hawke ...,
                            2013?/?美国?/?剧情 爱情
                        ,
                                ,
                            "
这个男人来自地球,218,8.5,207040,"
                            导演: 理查德・沙因克曼 Richard Schenkman???主演: 大卫・李・史密斯 David ...,
                            2007?/?美国?/?剧情 科幻
                        ,
                                ,
                            "
碧海蓝天,219,8.7,114691,"
                            导演: Luc Besson???主演: 让-马克・巴尔 Jean-Marc Barr / 让・雷诺 Jean Re...,
                            1988?/?法国 美国 意大利?/?剧情 爱情
                        ,
                                ,
                            "
疯狂的石头,220,8.3,363666,"
                            导演: 宁浩 Hao Ning???主演: 郭涛 Tao Guo / 刘桦 Hua Liu / 连晋 Teddy Lin,
                            2006?/?中国大陆 香港?/?喜剧 犯罪
                        ,
                                ,
                            "
勇闯夺命岛,221,8.6,158093,"
                            导演: 迈克尔・贝 Michael Bay???主演: 肖恩・康纳利 Sean Connery / 尼古拉...,
                            1996?/?美国?/?动作 冒险
                        ,
                                ,
                            "
E.T. 外星人,222,8.5,175661,"
                            导演: Steven Spielberg???主演: Henry Thomas / Dee Wallace / Robert MacNa...,
                            1982?/?美国?/?剧情 科幻
                        ,
                                ,
                            "
变脸,223,8.4,238139,"
                            导演: 吴宇森 John Woo???主演: 约翰・特拉沃尔塔 John Travolta / 尼古拉斯...,
                            1997?/?美国?/?动作 科幻 犯罪 惊悚
                        ,
                                ,
                            "
卡萨布兰卡,224,8.6,139365,"
                            导演: Michael Curtiz???主演: 亨弗莱・鲍嘉 Humphrey Bogart / 英格丽・褒曼...,
                            1942?/?美国?/?剧情 爱情 战争
                        ,
                                ,
                            "
海盗电台,225,8.6,179279,"
                            导演: 理查德・柯蒂斯 Richard Curtis???主演: 比尔・奈伊 Bill Nighy / 肯尼...,
                            2009?/?英国 德国 法国?/?剧情 喜剧 音乐
                        ,
                                ,
                            "
发条橙,226,8.5,205641,"
                            导演: Stanley Kubrick???主演: Malcolm McDowell / Patrick Magee / Michael...,
                            1971?/?英国 美国?/?犯罪 剧情 科幻
                        ,
                                ,
                            "
黄金三镖客,227,9.1,59180,"
                            导演: Sergio Leone???主演: Clint Eastwood / Eli Wallach / Lee Van Cleef,
                            1966?/?意大利 西班牙 西德?/?冒险 西部
                        ,
                                ,
                            "
彗星来的那一夜,228,8.4,215607,"
                            导演: 詹姆斯・沃德・布柯特 James Ward Byrkit???主演: 艾米丽・芭尔多尼 Em...,
                            2013?/?美国 英国?/?科幻 悬疑 惊悚
                        ,
                                ,
                            "
美国丽人,229,8.5,206452,"
                            导演: 萨姆・门德斯 Sam Mendes???主演: 凯文・史派西 Kevin Spacey / 安妮特...,
                            1999?/?美国?/?剧情 爱情 家庭
                        ,
                                ,
                            "
聚焦,230,8.8,146736,"
                            导演: 托马斯・麦卡锡 Thomas McCarthy???主演: 马克・鲁弗洛 Mark Ruffalo /...,
                            2015?/?美国?/?剧情 传记
                        ,
                                ,
                            "
血钻,231,8.5,154079,"
                            导演: 爱德华・兹威克 Edward Zwick???主演: 莱昂纳多・迪卡普里奥 Leonardo ...,
                            2006?/?美国 德国?/?剧情 惊悚 冒险
                        ,
                                ,
                            "
荒野生存,232,8.6,141848,"
                            导演: 西恩・潘 Sean Penn???主演: 埃米尔・赫斯基 Emile Hirsch / 马西娅・...,
                            2007?/?美国?/?冒险 传记 剧情
                        ,
                                ,
                            "
国王的演讲,233,8.3,379697,"
                            导演: 汤姆・霍珀 Tom Hooper???主演: 柯林・菲尔斯 Colin Firth / 杰弗里・...,
                            2010?/?英国 澳大利亚 美国?/?剧情 传记 历史
                        ,
                                ,
                            "
非常嫌疑犯,234,8.6,134082,"
                            导演: 布莱恩・辛格 Bryan Singer???主演: 史蒂芬・鲍德温 Stephen Baldwin /...,
                            1995?/?德国 美国?/?剧情 犯罪 悬疑 惊悚
                        ,
                                ,
                            "
英国病人,235,8.5,189875,"
                            导演: 安东尼・明格拉 Anthony Minghella???主演: 拉尔夫・费因斯 Ralph Fien...,
                            1996?/?美国 英国?/?爱情 剧情 战争
                        ,
                                ,
                            "
迁徙的鸟,236,9.1,55855,"
                            导演: 雅克・贝汉 Jacques Perrin / 雅克・克鲁奥德 Jacques Cluzaud???主演:...,
                            2001?/?法国 德国 意大利 西班牙 瑞士?/?纪录片
                        ,
                                ,
                            "
黑鹰坠落,237,8.6,134839,"
                            导演: 雷德利・斯科特 Ridley Scott???主演: 乔什・哈奈特 Josh Hartnett / ...,
                            2001?/?美国?/?动作 历史 战争
                        ,
                                ,
                            "
我爱你,238,9,67364,"
                            导演: 秋昌民 Chang-min Choo???主演: 宋在河 Jae-ho Song / 李顺载 Soon-jae...,
                            2011?/?韩国?/?剧情 爱情
                        ,
                                ,
                            "
勇士,239,8.9,95780,"
                            导演: 加文・欧康诺 Gavin O'Connor???主演: 汤姆・哈迪 Tom Hardy / 乔尔・...,
                            2011?/?美国?/?剧情 运动 家庭
                        ,
                                ,
                            "
遗愿清单,240,8.5,150315,"
                            导演: 罗伯・莱纳 Rob Reiner???主演: 杰克・尼科尔森 Jack Nicholson / 摩根...,
                            2007?/?美国?/?冒险 喜剧 剧情
                        ,
                                ,
                            "
荒岛余生,241,8.5,154409,"
                            导演: 罗伯特・泽米吉斯 Robert Zemeckis???主演: 汤姆・汉克斯 Tom Hanks / ...,
                            2000?/?美国?/?冒险 剧情
                        ,
                                ,
                            "
燕尾蝶,242,8.6,114941,"
                            导演: 岩井俊二 Shunji Iwai???主演: 恰拉 Chara / 伊藤步 Ayumi Ito / 三上...,
                            1996?/?日本?/?犯罪 剧情
                        ,
                                ,
                            "
枪火,243,8.7,112357,"
                            导演: 杜琪峰 Johnnie To???主演: 吴镇宇 Francis Ng / 任达华 Simon Yam / ...,
                            1999?/?香港?/?剧情 动作 犯罪
                        ,
                                ,
                            "
2001太空漫游,244,8.7,110057,"
                            导演: 斯坦利・库布里克 Stanley Kubrick???主演: 凯尔・杜拉 Keir Dullea / ...,
                            1968?/?英国 美国?/?科幻 惊悚 冒险
                        ,
                                ,
                            "
叫我第一名,245,8.6,119634,"
                            导演: 彼得・维纳 Peter Werner???主演: 詹姆斯・沃克 James Wolk / 特里特・...,
                            2008?/?美国?/?剧情 传记
                        ,
                                ,
                            "
穆赫兰道,246,8.3,259228,"
                            导演: 大卫・林奇 David Lynch???主演: 娜奥米・沃茨 Naomi Watts / 劳拉・哈...,
                            2001?/?法国 美国?/?剧情 悬疑 惊悚
                        ,
                                ,
                            "
千钧一发,247,8.7,99536,"
                            导演: 安德鲁・尼科尔 Andrew Niccol???主演: 伊桑・霍克 Ethan Hawke / 乌玛...,
                            1997?/?美国?/?剧情 科幻 惊悚
                        ,
                                ,
                            "
上帝也疯狂,248,8.7,105343,"
                            导演: Jamie Uys???主演: Marius Weyers / Sandra Prinsloo / N!xau,
                            1980?/?博茨瓦纳 南非?/?喜剧
                        ,
                                ,
                            "
大卫・戈尔的一生,249,8.6,109013,"
                            导演: Alan Parker???主演: 凯文・史派西 Kevin Spacey / 凯特・温丝莱特 Kat...,
                            2003?/?美国 德国 英国?/?剧情 犯罪 悬疑
                        ,
                                ,
                            "
蓝色大门,250,8.3,293893,"
                            导演: 易智言 Chih-yen Yee???主演: 陈柏霖 Bo-lin Chen / 桂纶镁 Lunmei Kwa...,
                            2002?/?台湾 法国?/?剧情 爱情 同性
                        ,
                                ,
                            "
